Fwd_Primer_Name,Fwd_Primer_Sequence,Rev_Primer_Name,Rev_Primer_Sequence,Guide_Seq,Strand,Amplicon_input_Seq
EMX1_T_fwd,CCGCAGCCAGCGACGTG,EMX1_T_rev,GGGGTGATTACCTGCGTCTCGG,GCCCTCGCAGCTGCTGCGGCTGG,+,CCGCAGCCAGCGACGTGCCCCAGGACGGGCTGCTTCTGCACGGCCCCTTCGCACGCAAGCCCAAGCGGATCCGCACGGCCTTCTCGCCCTCGCAGCTGCTGCGGCTGGAGCGCGCCTTCGAGAAGAACCACTACGTGGTGGGCGCCGAGCGGAAGCAGCTGGCCGGCAGTCTCAGCCTCTCCGAGACGCAGGTAATCACCCC
EMX1_OT1_fwd,TGCGGACGCCCAGGCGAAG,EMX1_OT1_rev,GGCGATTGGTGCCTGCCG,CCCCTGGGAGCTGCTGCGGCTGG,+,TGCGGACGCCCAGGCGAAGGGTCCCCGGGGCCTGCCGCCCTGGAGCCCGCCCCTGGGAGCTGCTGCGGCTGGGCCGGGCGGGGTCAAGCCACCCGCCGGCGGGGGAACTGCACAGTTGGGCACGGAGGGACCCCGAGGCGGAGCTGGGCCCAGGGCTGTGCCGCACTTGTGCACAGAGTACCGGCAGGCACCAATCGCC
EMX1_OT2_fwd,GATGTTTTGTCTGCCACGCTACCC,EMX1_OT2_rev,TTGCATGGCGTTTCCTCCTGC,GCCCCTGCAGATGCTGCGGCTGG,+,TGTCTGCCACGCTACCCGCAGGGCCCACACCAGAGGAGAAACACCGACAACAGCATGCTGGCCAGGAGGGATTGCGGTGGCAGTTGCATGTCCTGTGGCTTCCTGGAGCTCACGCCGCCCCTGCAGATGCTGCGGCTGGGTCCCCAAGGCAGAGGGGGCAAGTGGGGCTCCTGTCTCCGCAGAACATTCCTGAGACTTTGCATGGCGTTTCCTCCTGC
EMX1_OT3_fwd,TGGGTTGGACACACAGTCTGCT,EMX1_OT3_rev,TGCTGTGGGAGCCCCATCAAGAG,CCTGCCGCAGCTGCAGCGAGGGA,-,TGGGTTGGACACACAGTCTGCTGGCCGGGCTGGCTTTTTTGAGCATCTGCCCCATGGGCTGGGCCATCTGTTTGGCAGCTCACCCGGAACAGCCTCCGCGGCCCCAGCACGGGCCCACCTGCCGCAGCTGCAGCGAGGGAAGGGCTGCTTCTGCCTCCGCTTTGTGCAGGACCCAATGAGTAGAGGCTGCTGCTCTTGATGGGGCTCCCACAGCA
EMX1_OT4_fwd,TCCGACCCCCTCTATCCCCC,EMX1_OT4_rev,AGGCACAGACATGCAGGGTTCC,TCAGGCGCAGCTGCTGCGGCTGG,+,TCCGACCCCCTCTATCCCCCAGTGTGAACTGGAGCCAGGCAGGCCGTGACATGCCATGAATAGATGGCCACGCACATCTAAGGACACACTCTTCCCAACGAGGGGACGCCGCACGGGTTTCAGTCAGGCGCAGCTGCTGCGGCTGGTGCTGAGAAACACCACGGCAGGCCCCACCCACATTTGGGGGCACGCAGGGAACCCTGCATGTCTGTGCCT
EMX1_OT5_fwd,ATGCAGCCAATGCCCCACTAGC,EMX1_OT5_rev,GCCCACCTGGAGTGCTGTACGAAG,ACCTCTGCAGCTGCTGCGGCGGG,+,ATGCAGCCAATGCCCCACTAGCCCACAGCCTTGGGGCTGATCTGGGGGCTCTCCCACAGCCCCCCGACCCGGCTGGCACGCAGCCCTTGGGGAACAGGGCACCTCTGCAGCTGCTGCGGCGGGAGCTGTCCCAGGGGCAAGAGGCTTTCGTGCAGCCGTCCCTGGTGGGCCTGGGGGAGGGGCTGTGGGGGGAGGAAGCTTCGTACAGCACTCCAGGTGGGC
EMX1_OT6_fwd,CCCACCTGGAGTGCTGTTACGA,EMX1_OT6_rev,CATGCAGCCAACGCCCCTCT,CCCGCCGCAGCAGCTGCAGAGGT,-,CCCACCTGGAGTGCTGTTACGAAGCTTCCTCCCCCCCCACAGCCCCTCCCCCAGGCCCACCTGGGACTGTTGCACGAAAGCCTCTTGCCCCTGGCACAGCTCCCGCCGCAGCAGCTGCAGAGGTGCCCTGTTCCCCAAGGGCTGCGTGCCAGCCGGGTCGGGGGGCTGTGGGAGAGCCCCCAGATCAGCCCTAAGACTGCGGGCTAGAGGGGCGTTGGCTGCATG
EMX1_OT7_fwd,AGACCCAGACCCATGCCCAC,EMX1_OT7_rev,CCAGATGCTGGCACCCACAAGA,GACACCCCAGCTGCTGCGGCAGG,+,AGACCCAGACCCATGCCCACTGAGGGCAAGCCAGGCATGGAGCAGCGAGGGGTGTGTGCGCCACTAAGCATGGGGTCCAGCCAGTGCACACAGCCAGACACCCCAGCTGCTGCGGCAGGGCAGGCAGCTCCAGGCTCCGTGCAAGCCTACAGCTGGACTAGGCATACCACAAGCAGCTTCTCTTGTGGGTGCCAGCATCTGG
EMX1_OT8_fwd,GCATAGTGCTTGCAGGGGGCTTA,EMX1_OT8_rev,CCATCCCCGGGAGCCTGTTCAC,CCAGCCGCAGCAGCTGTTTGGGG,-,GCATAGTGCTTGCAGGGGGCTTAGCTGAGCCCCTCAGAGCTGGGTGGGCTGGGCTTGAATACAGGCCTGGGCCAGTCCTGGCCCCACAGCAAGCCAGCATCCCAGCCGCAGCAGCTGTTTGGGGCCCTGGGGGCCCCTGCTATTGTGCAGAGGGCACAGGGGACAAAGGCCTGGGAGGTCAGGGGGTGAGGCCGAGACTAGCTGTGAACAGGCTCCCGGGGATGG
EMX1_OT9_fwd,CAGACTGGTCCCCTGCGCC,EMX1_OT9_rev,CCCCAGGGCCAGCAGGT,CCCGCCGCAGCAGCTGGCGGAGC,-,CAGACTGGTCCCCTGCGCCCGCGCCCGCGGCCGGGATGCCGTTCTACAGGCGCACGGTGGTACCCCAGCGCCTGTGCCCGCGCAACCCGCCGCAGCAGCTGGCGGAGCTCCGCGACGTGAGCCACCTGGCAGCGCTCAGCCTGCTCCGGCAGCTCGCCGACCTCTGTGGCCACTCGTTGGCTCTGCTCGAGGACCTCGAGGGGCACCTGCTGGCCCTGGGG
EMX_OT10_fwd,GGAAGTGGTTCCGCCTCAGGTC,EMX_OT10_rev,GAGGAAGAGCTGGAAGAGCGGGC,GCCCTCGCAGCTGCTGTGCCGGG,+,GGAAGTGGTTCCGCCTCAGGTCCAGGAGCTGGGTGTCGCTGGGGAAGCCGCGGGGCACCGCCTGCAGGCCGCAGCCCTCGCAGCTGCTGTGCCGGGACTCGGGGACGCACACGCAGGCGCGAGGGCAAGGCGCGACTGCCCGCTCCTCCCCGGGGCCGCGCGGAGGGCCGCGCGGAGGGGCGCGGGGCCCGGCCACAGCCCGCTCTTCCAGCTCTTCCTC
EMX_OT11_fwd,GGAGCCTCTCAGGGTGCTGG,EMX_OT11_rev,AGCCGGGTAGTCTCGGGAGG,CCTGCCTCAGCAGCTGCCAGTGC,-,GGAGCCTCTCAGGGTGCTGGATGTGGCTCCCTCAGGAGAACCCCGAAGACAGAGTTCTGGTACATTCCTCACCCTGGAGAAGCTGGGAGCCAAGTAGGGAGCCCATCCAGTGCCTTCCCTGCCTCAGCAGCTGCCAGTGCCTGCCTCTCAAGGCAGATCTCAGCTCCAGGCCTCCCCATCCCCAGCCAGCCTGATGCTTCTCCATTCCTTGCCCTCCCGAGACTACCCGGCT
ZSCAN2_T_fwd,GCCCATTTGGGAGACAAGCCCT,ZSCAN2_T_rev,TCCCTCACTTTCACTCTTTGCCACT,ATACATCAGCGAATCCACACTGG,+,GCCCATTTGGGAGACAAGCCCTACAGGTGCCCTGAGTGTGGGAAAGGCTTTAGCTGGAACTCAGTCCTCATTATACATCAGCGAATCCACACTGGGGAGAAGCCCTACAAATGCCCCGAGTGTGGCAAAGGCTTCAGCAACAGCTCTAACTTTATCACACATCAGAGAACTCACATGAAAGAGAAACTTTATTGAAGTGGCAAAGAGTGAAAGTGAGGGA
ZSCAN2_OT1_fwd ,GCCAGCATGAGCGGACACAC,ZSCAN2_OT1_rev ,AGGGGAGCAAGCTGGCTGAAG,AAACATCAGCGAATCCACACTGG,+,GCCAGCATGAGCGGACACACACAGGAGAGAAGCCCTATGAGTGCAGTCAGTGTGGGAAGGCCTTCCGGCAGAGCACACACCTCACCCAACACCAGCGAATCCACACAGGGGAGAAGCCCTATGAATGCAATGACTGCGGCAAGGCATTCAGTCACAGCTCGTCCCTCACCAAACATCAGCGAATCCACACTGGGGAGAAGCCCTACGAATGCAACCAGTGTGGCAGAGCCTTCAGCCAGCTTGCTCCCCT
ZSCAN2_OT2_fwd,TCCTTCCAAAGCTTTTGCCACA,ZSCAN2_OT2_rev,GCAAATCTGATCAGGCATCAGAGAA,CCAGTGTGGATTCTCTGATGTAT,-,TCCTTCCAAAGCTTTTGCCACACTCATTACACTCATAGGGTTTCTCTCCAGTGTGGATTTTCTGATGCCGAAGTAGGGGTGAATTACCAACAAAAGCTTTGCCACACTCATTACACTCATAGGGTTTCTCCCCAGTGTGGATTCTCTGATGTATAACAAACTCGGAACTACTCGTGAAACTATTCCCACACTCTGTACAGTAATAGGGTCTGTCCCCACTGTGGATTCTCTGATGCCTGATCAGATTTGC
ZSCAN2_OT3_fwd,ATAGCCTTAATTCTGGCGCTGTT,ZSCAN2_OT3_rev,TTTGAGCAAACATAAGGTTTCTGTCC,GTGCATCAGCGAATCCACACTGG,+,ATAGCCTTAATTCTGGCGCTGTTAAAAATCCAAAAACCCAGCTTGGACAAAAGCCTTTTACGTGTAGCGTGTGTGGGAAAGGATTTAGTCAGAGTGCAAACCTCGTTGTGCATCAGCGAATCCACACTGGAGAGAAACCCTTTGAATGTCATGAGTGTGGGAAGGCCTTCATTCAGAGTGCAAACCTCGTTGTGCATCAGAGAATCCACACTGGACAGAAACCTTATGTTTGCTCAAA
ZSCAN2_OT4_fwd,TGTCGTGTGAGCTGTGCGTGC,ZSCAN2_OT4_rev,GAGAATCCACACAGGGGCCAGA,CCAGTGTGGATTCGCTGGTGTAC,-,TGTCGTGTGAGCTGTGCGTGCTGTCTGAAGGCCTTCCCACATTCCTTACACTCATAGGGTTTCTCCCCAGAATGAATTCTTTGATGTCGAGTAACTTCTGAGCTGTGAATAAAGCCCTTTCCGCATTCCTTACACTCGTAGGGTTTCTCACCAGTGTGGATTCGCTGGTGTACAGTCAGCTGTGAGTGCTGTCTAAAGGCTTTCCCGCATTCTTTACACTCATAGGGTCTGGCCCCTGTGTGGATTCTC
ZSCAN2_OT5_fwd,CACCTCACCCAGCATCTGCGA,ZSCAN2_OT5_rev,GCTTTTCTCCTGTGTGGGTCCT,AAACACCAGCGAATCCACACAGG,+,CACCTCACCCAGCATCTGCGAATCCACACTGGGGAGAAACCCTATCAGTGTGGTGAGTGTGGCAAGGCCTTCAGCCACAGCTCATCCTTGACCAAACACCAGCGAATCCACACAGGGGAGAAGCCCTACGAGTGCCATGAGTGTGGAAAAGCCTTCACCCAGATCACACCACTGATTCAGCACCAGAGGACCCACACAGGAGAAAAGC
ZSCAN2_OT6_fwd,TGCTGTGACCCTGCAACAAATGA,ZSCAN2_OT6_rev,CACTGCATGTATAGGGCTTCAGTCCA,GTACATGAGCGAATCCACACGGG,+,TGCTGTGACCCTGCAACAAATGAGAGAGTTCAGGCTGAAAAGAGACAGTATGTATGTACTGAGTGTGGGAAAGCCTTTAGTCAGAGTGCAAACCTCACAGTACATGAGCGAATCCACACGGGAGAGAAACCCTATAAGTGTAAGGAGTGTGGAAAAGCTTTCAGTCATAGCTCTAACCTTGTTGTTCATCGGAGAATCCACACTGGACTGAAGCCCTATACATGCAGTG
ZSCAN2_OT7_fwd,ACCGCACCAGCCTCATTCAACA,ZSCAN2_OT7_rev,TCCCAACAATTGCTAGGGCTCTTC,GAGCATCAGCGAATCCACACCGG,+,ACCGCACCAGCCTCATTCAACACCAGAAAGTTCACAGTGGAGAGAGGCCTTATAACTGCACTGCATGTGAGAAGGCCTTTATCTATAAAAACAAACTTGTTGAGCATCAGCGAATCCACACCGGAGAAAAGCCGTATGAATGTGGTAAATGTGGGAAAGCCTTCAACAAAAGATATTCCCTTGTCAGGCACCAGAAGGTACATATAACAGAAGAGCCCTAGCAATTGTTGGGA
ZSCAN2_OT9_fwd,AGCCTTTGGTTGTAGTTCACGGCT,ZSCAN2_OT9_rev,TCCGCATTGGAGGCATTCGT,CAGCATCAGCGAATCCACACTGG,+,AGCCTTTGGTTGTAGTTCACGGCTTATTCGCCATCAGAGAACTCACACTGGAGAAAAACCATTTAAATGTGATGAGTGTGGCAAAGGCTTTGTTCAGGGCTCACACCTTATTCAGCATCAGCGAATCCACACTGGAGAGAAACCCTATGTGTGTAATGACTGTGGAAAAGCCTTCAGTCAGAGTTCCAGCCTTATTTACCATCAGAGAATCCATAAAGGAGAGAAGCCCTACGAATGCCTCCAATGCGGA
ZSCAN2_OT11_fwd,CTGCCCTTTGCATGTGGCGTG,ZSCAN2_OT11_rev,CCCGTGTGGCTCCTCTTGTGA,GTCCACCAGCGAATCCACACTGG,+,CTGCCCTTTGCATGTGGCGTGTGCAATAAGAGGTTTACGTGTAATTCCAAGCTAGCCATCCACATGAGATCACACACAGGAGAGAGACCCTTTCAATGTAATTTCTGTGAGAGGTGCTTCACGCAGCTCTCAGACCTCCGCGTCCACCAGCGAATCCACACTGGTGAGAAGCCCTACACATGTGACATCTGTCACAAACGGTTCAACAGGATGTTCTCCTTGAAGTGTCACAAGAGGAGCCACACGGG
ZSCAN2_OT12_fwd,ACCTTCAGGCGGAGCTCACA,ZSCAN2_OT12_rev,TCTCCCCTGTGTGAATTCTCAGGT,GAACATCAGAGAATCCACACTGG,+,ACCTTCAGGCGGAGCTCACATCTTATTGGTCATCAGAGGAGCCACACTGGGGAGAAACCCTACAAATGCAATGAGTGTGGGAGGGCCTTCAGTCAGAAGTCAGGCCTTATTGAACATCAGAGAATCCACACTGGAGAAAGACCCTATAAATGTAAAGAATGTGGGAAAGCTTTCAATGGGAACACTGGTCTCATTCAACACCTGAGAATTCACACAGGGGAGA
ZSCAN2_OT13_fwd,AGTCGGAAGCCCAGCCTTAGTT,ZSCAN2_OT13_rev,TGTAGTGTGAACTCGCTGATGACTC,ATCCATCAGCGCATGCACACTGG,+,AGTCGGAAGCCCAGCCTTAGTTACCATCAGCGCATTCACACTGAAGTAAGACCTTACAAGTGTGGAGAATGTGGGAAATCTTATATTTCAAAGGGGCACCTTAGGATCCATCAGCGCATGCACACTGGAGAAAGACCTTACAAGTGTGGAGACTGTGGGAAATCTTTTAATGAAAAAGGACACCTTAGGAGTCATCAGCGAGTTCACACTACA
MGAT1_T_fwd,GCTCAGCCGAGGGCCGATAA,MGAT1_T_rev,CCAAGACGCCGAGGTGGAGC,CGGCTGGGCGGGAGGGGCCGCGG,+,GCTCAGCCGAGGGCCGATAATGCAGCAGCTTGTCCAGGCAGCGCCGAACAGTGCTGCGGTCACAGGCGATGACCAGGATGGGAATCACCGCCGGCGCGGGGGTCACAGGCACACGCGGCTGGGCGGGAGGGGCCGCGGTGGGCACCCTCCCCCGCTGGCTCGACAGGGCATCCCCGATCTGCTGCAGCAGCCCACGCTGCCGCTCCAGCTCCACCTCGGCGTCTTGG
MGAT1_OT1_fwd,CTTGACCACTACTCTGGAGCCTTGT,MGAT1_OT1_rev,GTCGTGGGCTCATGCAACAGG,TGGCTGAGCGGGAGGGGCCGCGG,+,CTTGACCACTACTCTGGAGCCTTGTTTCTGGAGAAAGAGAGAGGCATTTTCCACCTCAAGGAAGCCTTCCTGATCATAGCAGGTCCATCGGGGTGCCTGGGAACAGCGGTCCAAGATGGCTGAGCGGGAGGGGCCGCGGGAAGAGTTGGAGATGGCCAAGCACAGTGCAGATTTAACATGAAGGAGCTTTTCATCCTCAGTCCACATCCACTGCTGGTTCTGGATGGTCCTGTTGCATGAGCCCACGAC
MGAT1_OT2_fwd,CCATCCGTACATGCAGATGTCGTT,MGAT1_OT2_rev,GGTCCCTTCTGCCATCCGTGTG,TGGCTGAGCGGGAGGGGCCGGGG,+,CCATCCGTACATGCAGATGTCGTTATAATTATTATCAATGCTATTCTGTCACTCCACACCCTGACTCCCACCTCAGTGGCCCCAGGTGGGGGTGCTCTGAAATTTCTCTGGCCTGGCTGAGCGGGAGGGGCCGGGGTTCTGCTGGAATAAAGAACAGAGGAGGAAGCCTTGAAGGATTTGTTCTGTCCCAGCTGTCCCCAGTATCACAGTTAGCCACACGGATGGCAGAAGGGACC
MGAT1_OT3_fwd,CCCCCTACTCTCTCGGTGGTC,MGAT1_OT3_rev,GATGTCATCATCGCCGAGCAGC,CGGCGAGGCGGGAGGGGCCGGGG,+,CCCCCTACTCTCTCGGTGGTCAGCCCGCCCGACCACCACGCCCCTCCTTTCTAGGGCCCCAGCTCCCGGGCCGCGGCTCGTTTGCATTTCAAAGCTACACAATGCGGGCGGTCCCGGCGAGGCGGGAGGGGCCGGGGCAGAGGGAGGGTCTTCGCCTCCCCACCCCCAGCCCCGTTTCCGGAGCCCGCGATGGAGCTTTGTGAAGATGCAGGCGTTGGGGCTGCTCGGCGATGATGACATC
MGAT1_OT4_fwd,TTCCGCACGGAGTCATTCTGC,MGAT1_OT4_rev,CTTAAAGGTGGAGGGTCGACGTG,CGGCTGGACAGGAGGGGCCGAGG,+,TTCCGCACGGAGTCATTCTGCTTTTGGAATTTGTATTCTTAGGAGTCACTGCCAAGACGGCCGGCAGGGGCCCCACCCGTGAGGCAAAGGGGTCGGTCCCCGAGGCGTCCGCGTTCATCCCTCCCGGAAGGGGCTGTGGCGCGGCTGGACAGGAGGGGCCGAGGCCAGAGGAAGGTGTTTGGTGCCTGTGGATCGGGAACAGTTCCCCACGCACCTCCGGCACGTCGACCCTCCACCTTTAAG
MGAT1_OT5_fwd,TTTTCAAGTGCAATCTTAGAGGCCTTC,MGAT1_OT5_rev,CCTGCCCACAACGAGCCTCC,CCCCGGCCCCTCCCGCAGAGCTG,-,TTTTCAAGTGCAATCTTAGAGGCCTTCATTTCCTTGTTTCTTGATTACCCTCCACCTGCCTCATTCCCCTTCTGAGAGTCATTTCCCATTCCTCGTCCCTGACCCCGGCCCCTCCCGCAGAGCTGCCCTCCTCTGAATCCTGATGGCCAACTGTCTTATTCTTCCCCAGGGCCTTCTCAGCCAGGGCGGAGGCTCGTTGTGGGCAGG
MGAT1_OT6_fwd,TGGCGGCGGCTGAGGGA,MGAT1_OT6_rev,ACAAAGCTCCGGACTCACCGC,GGGGTGGGGGGGAGGGGCCGCGG,+,TGGCGGCGGCTGAGGGACCCGCGGCCCCGGACACAGCGGCACCGGCCGGGCGGGGCGGAGAGGCGCGGGGAGGGGGCAGAGAGCCAGAGCCGGAGCCGGAGCCGGAGCCGGGGTGGGGTGGGGGGGAGGGGCCGCGGGAACGGATGGCGGCCTGGGCCCCGTAGCAGCGGCGGCTCTACGGCCCGGGGCCCCGGGCGGGCGGAGGTGGCGGCTCCCGGGACCGGCCGCGCGGTGAGTCCGGAGCTTTGT
MGAT1_OT7_fwd,CAGGATCGCACCGGGGGAC,MGAT1_OT7_rev,CAGCGGGAGGGGACGTGGG,GGGCTCGCCGGGAGGGGCCGCGG,+,CAGGATCGCACCGGGGGACGGCGTCGGGTCTGGGCGCGGGTTGGGACCCCGGGCGCAGCGAGGTTTGGGAAGTTTGCACCTGAGCGTGGGCTGCGGCGGGCTCGCCGGGAGGGGCCGCGGGACGGAAACTTCCCGCAGCCCGGGGAGGCCCCCGAGGCGACTGGCGCTCTGTGGCGTCCGGCGTCCCCGCCGCCCCCACGTCCCCTCCCGCTG
MGAT1_OT8_fwd,GGGCGCGGGAGGAGACCA,MGAT1_OT8_rev,ACACGCAGCCCGAGCCC,AGGCTGAGTGGGAGGGGCCGGGG,+,GGGCGCGGGAGGAGACCAGGGCAGCTGTCCCCTCCGCGAGGGTGGCCCTCGAGGCAATGCGGGTGGGGGCTGGTGAGGAGGCGGAAGGGCCGAGGCTGAGTGGGAGGGGCCGGGGCGCCAGGGCTGGAGCGCGCGGCTCGGGGGTGGAGGCTGCAGAGCCAGCGAGCGAGCGAGGGGCGGGGGCGCCCGGGCCGGCGCGCAGGAGGGGCGGGGGCGGCGGGGAGGGGGGCTCGGGCTGCGTGT
MGAT1_OT9_fwd,ATTTGTAACCAAAGCCTCCTAACCCA,MGAT1_OT9_rev,TTAACTTGTGAGGCTGCCCCTGG,CCCCGGCCCCTCCCCACCAGCCA,-,ATTTGTAACCAAAGCCTCCTAACCCATCAGGATCCCTAATAGAACAGCAGGAGGGGAAAGAGAGAGCTGTGGTGCCAGATAGGACAGGCATGGGACCCCGGCCCCGGCCCCTCCCCACCAGCCACATGACGGAGGCTCTGTGGGGGCACAGGGAGGCCACATGTCCCCAGTAGGAACATTTGGGTTGGAGCCAGGCCAGGGGCAGCCTCACAAGTTAA
MGAT1_OT10_fwd,CTCCAAGGCATGAAAAGCGAGTGTC,MGAT1_OT10_rev,GACGCCATGGTAAGCGCGG,CGGCGGGGCGGGAGGGACCCGGG,+,CTCCAAGGCATGAAAAGCGAGTGTCTCCCCCAGGCGCGCCTCCCACTTTACAGAAGCAATGGGTTCGAAGTCGGGAAGCTGCCCGGGGCCCGCAGAGCTGCAGTCGGCGGGGCGGGAGGGACCCGGGCCGCAAGCCGCGCGTACCATGGCGTCCGCGCTTACCATGGCGTCCGCGCTTACCATGGCGTCCGCGCTTACCATGGCGTCCGCGCTTACCATGGCGTCCGCGCTTACCATGGCGTCCGCGCTTACCATGGCGTCCGCGCTTACCATGGCGTC
ST3G4_T_fwd,GCCAGCGCTCTGAGGAGCAG,ST3G4_T_rev,GCGGGCAGGGGGCAGGAAAT,CCATCACCAGCTCCTCCATCCCC,-,GCCAGCGCTCTGAGGAGCAGTGGAGGGAGGGCAGGCAGCCTTCAGAATGCTATCTGTCACATCAGTCCCTCCGCCTGGTACTTTTTGTAGAGGATCTGCTCCTCCGGGTGCTAGCCATCACCAGCTCCTCCATCCCCAAGAACATCCAGAGGTAAGGCGGCACTCCGACTCCAGTCTGGGCACCTTCTCCTATTTCCTGCCCCCTGCCCGC
ST3G4_OT1_fwd,TCCTCAGAGAAGTGGTCACTGAAGC,ST3G4_OT1_rev,TGTGATCCCCACCTACTACTGGAATCT,GGGGGAGGAGGAGCTGGTGAAGG,+,TCCTCAGAGAAGTGGTCACTGAAGCCATAAGAGAAATGGCCTACTTGAGGAAGAGCTTATGAAGGGAAAATGGTGTGGCATCCAGGACTGAGTCCTGGTGACTTTCCAGAGTTAGAAGATGGCAGGAGGGGGAGGAGGAGCTGGTGAAGGTGCCATCTGAGCAGTAGGAGGAGATGCCTGTAGAGACACACCAGCCAAGGGTGGAGGAAGATTCCAGTAGTAGGTGGGGATCACA
ST3G4_OT2_fwd,AACTGCCATGATCCCTCCTGGG,ST3G4_OT2_rev,TGCAAAAAGAGTCAGTGCCATATGCT,CCTTCACCAGCTCCTCCACACAC,-,AACTGCCATGATCCCTCCTGGGTCAATATGCAGGCCAGGTCGCGGAGGCTGTGGGAGGTTAAGGTCAGGGGTCTTCCCCCACTGACTTAAATGCTCCTTTATATGGGGGTTGCATCTCCTTCACCAGCTCCTCCACACACCCCACTGGAAATTAATAAGGACATAAACACTGCCCATTGTGCGCAGCATGCACAAACACATTCATTCACTAGCATATGGCACTGACTCTTTTTGCA
ST3G4_OT3_fwd,CAGCCCCTTCCTCACCAGGC,ST3G4_OT3_rev,TGGACCCCGGCAGACTGCAT,GGGTGAGGAGGAGCTGGTGAGGG,+,CAGCCCCTTCCTCACCAGGCCACTTCCCCCAGCCCCTGCACACCATGGGTGGGTGGAGCCTTCCCTGCCGGGTCCCCACCTGGCCTGCTCCTGGCCTCCCCAGGTGGCGAGTGAGTTCTTCCCAGGAGGGTGGCAGGGTGAGGAGGAGCTGGTGAGGGCCTGGCAGGTGCTCCCCACTCCAGGGCAGGTGGGCCCAGACCCCTGTCCCAGCCAGGACCCCCCCATGCAGTCTGCCGGGGTCCA
ST3G4_OT4_fwd,AGGCTCCAGAAGGTGAGGTGAGAG,ST3G4_OT4_rev,CAAGCCTCACAAGCACAAGCCTC,CCATCACCAGCTCCTGCAGCTCC,-,AGGCTCCAGAAGGTGAGGTGAGAGAGGTGCGGGCGGCCCCAGGCCCCATTCTCCCCCAGGTTCTCCTCCAGTTGCACCCAGCGCGCCGCCTCCATCCATCTCAGCTCCTGGTTCTTTTCGTCCATCACCAGCTCCTGCAGCTCCACATAGACCTGTGGCCCCATGCGCCTGAGTTAGTTCATCAGGCATAGTCCAGGGCATAGTGGGTGCTCAGCCACTCTCGAGAGAGGCTTGTGCTTGTGAGGCTTG
ST3G4_OT5_fwd,CCTGGTGATATTCCCCCAAGCA,ST3G4_OT5_rev,GCCACTGTTGCCATTCCCTTACTT,GGAGAGGAAGGAGCTGGTGAAGG,+,CCTGGTGATATTCCCCCAAGCACTGCTACATTTCCAAGTGGCCCCTGTGACTGGAAATTAGAAGCATAGGAGTTATTGACCTAGGTAGATTTTGAGGCAAAAAAATCCACAAAGGTACAAGAAGAGGAAGGAGAGGAAGGAGCTGGTGAAGGAGATTGAGAAAGAACAGCCAGGAAGGTGGAAGAAAAACCAGGAGAAGGAGGGGTCCATGGAAGCAGAGGGAAGAAAGTAAGGGAATGGCAACAGTGGC
ST3G4_OT8_fwd,TGGCATCCAGTACACTTCATGTGTTT,ST3G4_OT8_rev,CAAGCCAGGCATGGGAGGGT,CCATCACCAGCACATCCATCACC,-,TGGCATCCAGTACACTTCATGTGTTTACAATATAAAATTTGATCTGCATTGACACAGGCACACACCTACAAAACCATCACAACAATCAACCATCACCAGCACATCCATCACCACCAAAAAGAGAAACGGTACACTCTTGACCAAATAGTGCACTTTTCCCATTGTCATAGCAAATAGCAGACCAGGAGATACCCTCCCATGCCTGGCTTG
ST3G4_OT20_fwd,CCAGGCACTTTTTCAGAGCTTAAGGA,ST3G4_OT20_rev,AGAGGTAGTCTGAGGGCCACACTT,CAGCCTGGAGGAGCTGGTGAAGG,+,CCAGGCACTTTTTCAGAGCTTAAGGAGTTCACAATCTAGTGATAGAGATAAATGCACAAATAATTATACACATGGAGAAAGTATAGATACAAAATTATGCAAAATAAAAAGTGAGGTGTAAACAGTAACTGACTCAGCCTGGAGGAGCTGGTGAAGGCTTTACAGAAGACAGGCTAACTTTAAAGTAAGATAGGATTCTAGGCAGAGGAAATACTGTGTAAAATAACTGCAGTGTTTCTCAAAGTGTGGCCCTCAGACTACCTCT
ST3G4_OT21_fwd,GGGAAGGAAGGGCGATGCAGAAT,ST3G4_OT21_rev,TTTCCCTCCCACCCTCACAAACATAA,CCTTCACCAGCTCCTCTATCAAA,-,GGGAAGGAAGGGCGATGCAGAATAGAGGTGGTCCACTTCTGACTCCCCCCTCACCCGCCCTCCCCTGCAAGTAAGACTCAATTTCTATGATTCAACACCGCCTTCACCAGCTCCTCTATCAAACCTTGAGGTAGGCAGACATTCTGAAAGTGTTGTGATCAGAAAAGGCATTTAAAATGATAACAAATAACTCACAAATTATGTTTGTGAGGGTGGGAGGGAAA
ST3G4_OT22_fwd,TGGGCCTCGAGCGCCCGC,ST3G4_OT22_rev,TGCCTCCCGCCGACACCAAG,GAAGATGGAGGAGCTGGTGGTGG,+,TGGGCCTCGAGCGCCCGCAGCCCACCTCTCGGGGGCGGGCTCCCGGCGCTAGCAGGGCTGAAGAGAAGATGGAGGAGCTGGTGGTGGAAGTGCGGGGCTCCAATGGCGCTTTCTACAAGGTACTTGGCTCTAGGGCAGGCCCCATCTTCGCCCTTCCTTCCCTCCCTTTTCTTCTTGGTGTCGGCGGGAGGCA
ST3G4_OT23_fwd,GCGGCTGCTTTCCTAACTTCATGC,ST3G4_OT23_rev,AGTGCTCTGGCCTCACGTTTCT,GGGAATGGAGGAGGTGGTGACGG,+,GCGGCTGCTTTCCTAACTTCATGCTGCCCTCTAGTGGTGATGCTCCCGACTTCAGCTAGAAGGTGGAAAGGATGAATGTAGAGATAATGGCGGGAATGGAGGAGGTGGTGACGGGGTGGCTTTTTCCTTTCTTTCTTTTTTCTCTCCTGTCTGAAAGATGTCTGAGTTTCTCACTCAAACATTGAGAAAGAAACGTGAGGCCAGAGCACT
ST3G4_OT24_fwd ,CCGACTGCACAGAGACGGTTAGA,ST3G4_OT24_rev ,TTAGGTCCTGCCGACAGCCAG,CCTTCAGCAGCTCCTCCTTCCCC,-,CCGACTGCACAGAGACGGTTAGATAAACCGTCTAACACAACAAAATGAAGAAGGATGCAAGTTTGTCTTGGGGGTTTCCTGTCTTCCCTTTCCCTTTTCCTCACCTTCAGCAGCTCCTCCTTCCCCCACCCACCCTGTTTCTATCTCTGAGTTCACCGCCTTCCCAACCCCCGGCAGTCTCTGCTTTCTTGACCTGAGTCGGGTTCTGACTTAACCACTGGCTGTCGGCAGGACCTAA
ST3G4_OT25_fwd,CGGTTGTACACACCCGTGGACT,ST3G4_OT25_rev,CCACCAGGACTCTGATAGCCCCT,CCTTCTCCAGCTCCTCCATCTCC,-,CGGTTGTACACACCCGTGGACTGTTTCTCCGTCTGGTTTCTCTGCCGCAGCCCCACGGGAACACTCCCGTCTGGGTCCACCACGTCCAGCTCCTTCTCCAGCTCCTCCATCTCCTCGGGAGACAGGGTCTCCAGCAGGCTGTCGATGTCGGGGTCTTCACTCACCTGCCGGCGATATTTGGCTACTCTAGACATCTTGGCAAAATGGGCTGTGGCTGCCAGGGGCTATCAGAGTCCTGGTGG
C1GT1C1_T_fwd,CTGCAGCCCAAAGACTCACATCT,C1GT1C1_T_rev,AGCTCCTTTTTGAAGGGTGTGATGC,GTAGGTGATGATGCTCATGGTGG,+,CTGCAGCCCAAAGACTCACATCTTTGGGTTTTACAAGGATAATACAGTATACTCGAAAGCTCTTACTGAGCTCCATGCGCTCATCCTCTGAAATTTTCAAGATATCTTCTTTGTTAGGAGCTTGTAGGTGATGATGCTCATGGTGGTGCATTCTATTTCCATGACCAATCCTAATGTGTCCTAGCATAGTGATCAAAGCACAGAAAATGCTTCCAAGCATCACACCCTTCAAAAAGGAGCT
C1GT1C1_OT3_fwd,TCCTGGCCACCCAGCACTTG,C1GT1C1_OT3_rev,TGGGGACCTGGAGGTGAGGT,CTCGGTCATGATGCTCATGGCGG,+,TCCTGGCCACCCAGCACTTGGCCACACCCAGCAGCGCCTGCACCTGCCCCAGGCGGTTTCCGATCTCGGTCATGATGCTCATGGCGGAGTCGTACCTGGGGAAGGCTGTCTGCAGAGCCAGGTGGGGGATGGAATCAGGCTGTATCAGGCCTGTGCCCCTGCCCCCTGCCCCCAGCCCCTGCATCCCGGTGACCTCACCTCCAGGTCCCCA
C1GT1C1_OT4_fwd,TCCAACAGGCCCGGAGGGAT,C1GT1C1_OT4_rev,GCCCGAGAAGACACTGGCCT,GGAGGCGCTGATGCTCATGGCGG,+,TCCAACAGGCCCGGAGGGATGGGCAGCTCGAGGCCGGCAGGCAGCGGATCCACAGAGAGGTCGCTGACGGTTTGGGAGATGCCCTGCGAGCTGCAGATGGAGGCCTGGCTGGTGGAGGCGGAGGCGCTGATGCTCATGGCGGGGGTCAGGCTGCTGGACGTGCTGACCTCCATGCTGTCTGTGCCGGGGAAGGCCAGTGTCTTCTCGGGC
C1GT1C1_OT9_fwd,AAGCACTTCATCCAGCTTCTGCAC,C1GT1C1_OT9_rev,AGCCTCTGTACCTCCTGCAGCTC,ATAGGAGATGATGCTGATGGTGG,+,AAGCACTTCATCCAGCTTCTGCACAGAAAGCCTGTCTCTGATCAGCAGACAAGGAATAGGAGATGATGCTGATGGTGGTGATGATTTATACCTTAATGAGCAGGCGTTGGTCATCAGTATGTGCTGAAAAGGGATTCGCTCCCTGCCCACAGGGGACTTTCCAGATGCTGCTGAGCTGGGCCTGAGCTGCAGGAGGTACAGAGGCT
C1GT1C1_OT10_fwd,TGGTGGACATGTGTCATTCTGCACTT,C1GT1C1_OT10_rev,TCACAGCGAAACTGAGCAGAAGGT,GTAGATGATGCTGATCATGGGGG,+,TGGTGGACATGTGTCATTCTGCACTTGTCCAAATCCACAGAATGACCAGCACCAAGAGCAAACCCTGGACTCTGGATGATAGTGGCATGTCAATGCATGCCAATTAATTTCAGTAAGTATACCACTCTGGTAGATGATGCTGATCATGGGGGAGGCTGTGCAAATGTGGGTATGGAGGGTACTTGGAAAATCTCTGTACCTTCTGCTCAGTTTCGCTGTGA
C1GT1C1_OT15_fwd,GCACAGTGTCCCTATCACAGTGACTT,C1GT1C1_OT15_rev,CATGAAGCCATGTGGGAAGATGGT,AAAGCAGATGATGCTCATGGTGG,+,GCACAGTGTCCCTATCACAGTGACTTTCATTAGTCAGAATATTGGCACTAACTACTCCAACAAGCAATGCCTAAATCTCAGTGCTTTCACAAAATAAACTTCTATTTCTCACTCACATATAGTTCAAAGCAGATGATGCTCATGGTGGGTAACTCTCCTCCAAGGAATGATTTGTGGATTCTAGCTTCCTTCTTATGTGGCCACCATCTTCCCACATGGCTTCATG
C1GT1_OT19_fwd,GGCCAATTCTTGATCCTCCTGGCA,C1GT1_OT19_rev,GGACTAGCCAGGCCAACCTGTC,GTGGGTGATGATAGTCATGGTGG,+,GGCCAATTCTTGATCCTCCTGGCAGCTTGCTCAGGTTCTGGTTGTGGTAGTGGCAGACCAGGTGGGTGGGTAAGTCCTTGGGCCCCTATACAGTGTATGTGGTGTGGGTGATGATAGTCATGGTGGTGGGACGGACAACCCTCAGGTTTCCAGGTGGCATTTGTTGGTGATAGTGGTAGCTTTGACAGGTTGGCCTGGCTAGTCC
C1GT1_OT20_fwd,CCAGAGGAATTCAGCAGCAGACAGA,C1GT1_OT20_rev,ATTCCCCTGTGATTCCATCTGAGGT,GTCGGTGTTGATGCTCTTGGGGG,+,CCAGAGGAATTCAGCAGCAGACAGATAAAAACATCAAGGCCTGTTCCAGCTTCACACCAGATCCTGGAATTTAATTTAACTTATACAGACGTCGGTGTTGATGCTCTTGGGGGCTCCCAGCGCAGCCTCACAGAACAGCTGGTAACAACTGTGATGGGTTTGCCTTCACACCTCAGATGGAATCACAGGGGAAT
C1GT1_OT21_fwd,TGAAGTCCTGCAACAGAGGGCA,C1GT1_OT21_rev,CCGATTGCCGAATGTGGAACTGAG,GCAGGAGATGATGCTCAAGGTGG,+,TGAAGTCCTGCAACAGAGGGCAGGCTTGTGGGGATCAACAGCACTGTGAGGACCCTGGGTGCCGGAGGAGTGCAGGAGATGATGCTCAAGGTGGAACCTGGCGTTGCTTCCACTCTGCTGTAGAGGACAATAAACCAGCACTGGAACCTCTTGTATCTAGGGAATTTGGGGCTCAGTTCCACATTCGGCAATCGG
Cas9G7_T_fwd,ATACGACGAGCACCACCAGG,Cas9G7_T_rev,GGGATGCTGCCGTTGTCGAAG,TACGCCGGCTACATTGACGGCGG,+,ATACGACGAGCACCACCAGGACCTGACCCTGCTGAAAGCTCTCGTGCGGCAGCAGCTGCCTGAGAAGTACAAAGAGATTTTCTTCGACCAGAGCAAGAACGGCTACGCCGGCTACATTGACGGCGGAGCCAGCCAGGAAGAGTTCTACAAGTTCATCAAGCCCATCCTGGAAAAGATGGACGGCACCGAGGAACTGCTCGTGAAGCTGAACAGAGAGGACCTGCTGCGGAAGCAGCGGACCTTCGACAACGGCAGCATCCC
Cas9G7_OT1_fwd,ATGGGGAGCCTTGGCAGGTT,Cas9G7_OT1_rev,TTTAACTTCACCCAAGCAAAAACCTCA,TACTCTGGCTACATTAGCGGGGG,+,ATGGGGAGCCTTGGCAGGTTTTGTGCAAAGCTGCAATGATTAGACTTGACTCAATATTTTACTCTGGCTACATTAGCGGGGGCAAGGACAGAAGCAGGGAAACCAGTTATGAATCTATGTTTTGATTGTCAGAGAAGCAAATTTATTTTTCAATTGAGGTTTTTGCTTGGGTGAAGTTAAA
Cas9G7_OT2_fwd,GCAGCCAGTGTTCATGAGGCAAAA,Cas9G7_OT2_rev,GGCACTGCCAGACACAGGTAGA,TAGGGCGTCTACATTCACGGCGG,+,GCAGCCAGTGTTCATGAGGCAAAACGTGACCCAGAGACTTTGTTCAAGTTCTCCTCCTAGGGCGTCTACATTCACGGCGGTCACTCCGTTTCTGTCTCCTTTTGTTTGGCACCTGTCAGTGGATGGAAGATGAAAGTTTCAAAGCTCATGGTAACAGCAGGGTTCTCTACCCCAGGGGTTTCTACCTGTGTCTGGCAGTGCC
Cas9G7_OT3_fwd,ACACTGCCTGACCACAAAATCCTGA,Cas9G7_OT3_rev,AGCCTACTATGTGAACTGCCTTGGT,CCTCCCTCAATGTGGCCTGAGTA,-,ACACTGCCTGACCACAAAATCCTGAGAGACAGAGAACTCAAATCCTGGCAGTCTAGTCAAGTACTGGTTGCAGCTGTAATTCTTGTTGATTCTGCTGTACTTTGTTCTCCTTGAATGCCCATGAGATTTTCTATACCTCCCCTCCCTCAATGTGGCCTGAGTAAGCTTCTGTTCCTCACTCATGAAAGAGTTTTGACCAAGGCAGTTCACATAGTAGGCT
